Drug Name,Temperature (oC),Concentration (mM),% Transmittance,Difference from Control
Fentanyl,25,0,100,0
Fentanyl,26,0,92.82536523,0
Fentanyl,27,0,100.461579,0
Fentanyl,28,0,92.46981739,0
Fentanyl,29,0,86.49679188,0
Fentanyl,30,0,80.66156922,0
Fentanyl,31,0,64.26877173,0
Fentanyl,32,0,50.35006088,0
Fentanyl,33,0,37.26776372,0
Fentanyl,34,0,27.52115566,0
Fentanyl,35,0,21.36321773,0
Fentanyl,36,0,18.08561716,0
Fentanyl,37,0,15.44068868,0
Fentanyl,38,0,14.55459081,0
Fentanyl,39,0,13.61444682,0
Fentanyl,40,0,12.97179271,0
Fentanyl,25,2,114.5512941,-14.55129414
Fentanyl,26,2,108.2264301,-15.40106489
Fentanyl,27,2,109.5636941,-9.102115063
Fentanyl,28,2,101.5468992,-9.077081849
Fentanyl,29,2,92.32797987,-5.831187993
Fentanyl,30,2,85.96730918,-5.305739966
Fentanyl,31,2,72.66634783,-8.397576097
Fentanyl,32,2,55.80417175,-5.454110869
Fentanyl,33,2,24.02518091,13.2425828
Fentanyl,34,2,10.25651926,17.26463639
Fentanyl,35,2,7.030723199,14.33249453
Fentanyl,36,2,5.445026528,12.64059063
Fentanyl,37,2,4.459984335,10.98070434
Fentanyl,38,2,4.10204103,10.45254978
Fentanyl,39,2,3.842967102,9.771479723
Fentanyl,40,2,3.854783577,9.117009133
Fentanyl,25,4,100.9252886,-0.925288608
Fentanyl,26,4,98.47666521,-5.651299982
Fentanyl,27,4,94.33365608,6.127922949
Fentanyl,28,4,88.03729025,4.432527148
Fentanyl,29,4,79.00719926,7.489592622
Fentanyl,30,4,70.90333559,9.758233632
Fentanyl,31,4,60.16353325,4.105238482
Fentanyl,32,4,50.5824662,-0.232405322
Fentanyl,33,4,28.92899413,8.338769588
Fentanyl,34,4,10.5844103,16.93674536
Fentanyl,35,4,5.436674516,15.92654321
Fentanyl,36,4,3.956701916,14.12891524
Fentanyl,37,4,3.221068791,12.21961989
Fentanyl,38,4,2.881818776,11.67277203
Fentanyl,39,4,2.572369392,11.04207743
Fentanyl,40,4,2.523480772,10.44831194
Fentanyl,25,6,88.57952219,11.42047781
Fentanyl,26,6,87.4312458,5.394119426
Fentanyl,27,6,82.03515443,18.42642459
Fentanyl,28,6,75.45128953,17.01852786
Fentanyl,29,6,69.8768523,16.61993958
Fentanyl,30,6,63.82634862,16.8352206
Fentanyl,31,6,53.17000078,11.09877095
Fentanyl,32,6,45.39416167,4.955899214
Fentanyl,33,6,28.97343588,8.29432784
Fentanyl,34,6,10.31177275,17.20938291
Fentanyl,35,6,4.51162852,16.85158921
Fentanyl,36,6,3.121284339,14.96433282
Fentanyl,37,6,2.498427012,12.94226167
Fentanyl,38,6,2.223309891,12.33128092
Fentanyl,39,6,1.948348613,11.66609821
Fentanyl,40,6,1.963360277,11.00843243
Fentanyl,25,8,97.79875662,2.201243384
Fentanyl,26,8,94.47857479,-1.653209564
Fentanyl,27,8,87.56556079,12.89601824
Fentanyl,28,8,80.10629888,12.36351851
Fentanyl,29,8,72.83386106,13.66293082
Fentanyl,30,8,67.34933832,13.31223089
Fentanyl,31,8,55.84701947,8.421752258
Fentanyl,32,8,46.95335899,3.396701887
Fentanyl,33,8,30.61963434,6.64812938
Fentanyl,34,8,12.97179271,14.54936295
Fentanyl,35,8,6.086019413,15.27719831
Fentanyl,36,8,4.463408814,13.62220834
Fentanyl,37,8,3.569987263,11.87070142
Fentanyl,38,8,3.169567463,11.38502334
Fentanyl,39,8,2.818382931,10.79606389
Fentanyl,40,8,2.818382931,10.15340978
Fentanyl,25,10,99.15927284,0.840727156
Fentanyl,26,10,93.46879992,-0.643434693
Fentanyl,27,10,84.46303186,15.99854717
Fentanyl,28,10,73.28245331,19.18736408
Fentanyl,29,10,66.0693448,20.42744708
Fentanyl,30,10,61.00049137,19.66107785
Fentanyl,31,10,54.82769649,9.44107524
Fentanyl,32,10,46.55860935,3.791451526
Fentanyl,33,10,22.76844303,14.49932069
Fentanyl,34,10,9.535277428,17.98587823
Fentanyl,35,10,6.627249688,14.73596804
Fentanyl,36,10,5.675446054,12.4101711
Fentanyl,37,10,4.958306089,10.48238259
Fentanyl,38,10,4.760654528,9.793936278
Fentanyl,39,10,4.663013434,8.95143339
Fentanyl,40,10,4.793653809,8.178138901
NaCl,25,0,100,0
NaCl,26,0,97.87384875,0
NaCl,27,0,98.1747943,0
NaCl,28,0,99.46417086,0
NaCl,29,0,99.23540961,0
NaCl,30,0,97.49896377,0
NaCl,31,0,96.01372814,0
NaCl,32,0,95.20651465,0
NaCl,33,0,94.40608763,0
NaCl,34,0,93.39708749,0
NaCl,35,0,93.18228015,0
NaCl,36,0,92.61187281,0
NaCl,37,0,92.11563141,0
NaCl,38,0,92.32797987,0
NaCl,39,0,92.39887142,0
NaCl,40,0,92.54081785,0
NaCl,25,2,88.57952219,11.42047781
NaCl,26,2,86.5632061,11.31064265
NaCl,27,2,85.17915616,12.99563815
NaCl,28,2,83.11256137,16.35160948
NaCl,29,2,79.43282347,19.80258614
NaCl,30,2,75.62522272,21.87374105
NaCl,31,2,70.9577768,25.05595134
NaCl,32,2,67.34933832,27.85717633
NaCl,33,2,64.51588612,29.89020151
NaCl,34,2,62.51726928,30.87981821
NaCl,35,2,61.00049137,32.18178878
NaCl,36,2,59.79524734,32.81662547
NaCl,37,2,59.15616342,32.95946799
NaCl,38,2,58.255017,34.07296287
NaCl,39,2,58.03188354,34.36698788
NaCl,40,2,57.98735951,34.55345834
NaCl,25,4,83.56030182,16.43969818
NaCl,26,4,81.15837324,16.71547551
NaCl,27,4,78.88601176,19.28878254
NaCl,28,4,76.38357836,23.0805925
NaCl,29,4,72.11074792,27.12466169
NaCl,30,4,65.26294488,32.2360189
NaCl,31,4,57.14786367,38.86586447
NaCl,32,4,51.2861384,43.92037625
NaCl,33,4,47.20630413,47.1997835
NaCl,34,4,44.63408814,48.76299935
NaCl,35,4,42.69070564,50.49157451
NaCl,36,4,41.2413937,51.37047911
NaCl,37,4,40.17908108,51.93655032
NaCl,38,4,39.32481305,53.00316682
NaCl,39,4,38.964281,53.43459042
NaCl,40,4,38.60705432,53.93376352
NaCl,25,6,83.94599865,16.05400135
NaCl,26,6,80.59968293,17.27416582
NaCl,27,6,77.92317984,20.25161446
NaCl,28,6,74.30191379,25.16225707
NaCl,29,6,69.07697858,30.15843103
NaCl,30,6,61.00049137,36.4984724
NaCl,31,6,50.81594426,45.19778388
NaCl,32,6,43.81942422,51.38709044
NaCl,33,6,39.44573021,54.96035742
NaCl,34,6,36.47539469,56.9216928
NaCl,35,6,34.32943586,58.85284429
NaCl,36,6,33.01160703,59.60026578
NaCl,37,6,32.28494122,59.83069019
NaCl,38,6,31.86642422,60.46155565
NaCl,39,6,31.6470573,60.75181412
NaCl,40,6,31.38099189,61.15982595
NaCl,25,8,84.78779348,15.21220652
NaCl,26,8,81.97221428,15.90163447
NaCl,27,8,78.88601176,19.28878254
NaCl,28,8,76.03262769,23.43154316
NaCl,29,8,70.03793508,29.19747454
NaCl,30,8,59.93308962,37.56587415
NaCl,31,8,47.78959316,48.22413498
NaCl,32,8,39.96378986,55.24272479
NaCl,33,8,35.42691484,58.97917279
NaCl,34,8,32.35936569,61.0377218
NaCl,35,8,30.43219887,62.75008128
NaCl,36,8,29.30893245,63.30294036
NaCl,37,8,28.86245929,63.25317212
NaCl,38,8,28.75190777,63.5760721
NaCl,39,8,28.57590543,63.82296598
NaCl,40,8,28.51018268,64.03063517
NaCl,25,10,83.49619153,16.50380847
NaCl,26,10,81.0338861,16.83996265
NaCl,27,10,77.92317984,20.25161446
NaCl,28,10,74.53037962,24.93379123
NaCl,29,10,68.07693587,31.15847374
NaCl,30,10,57.19174311,40.30722066
NaCl,31,10,44.77133042,51.24239772
NaCl,32,10,37.0965339,58.10998076
NaCl,33,10,32.68385938,61.72222825
NaCl,34,10,29.83092132,63.56616617
NaCl,35,10,27.83983562,65.34244453
NaCl,36,10,26.97739432,65.63447849
NaCl,37,10,26.4443766,65.67125481
NaCl,38,10,26.36331386,65.96466601
NaCl,39,10,26.14167032,66.2572011
NaCl,40,10,26.04154021,66.49927764
KCl,25,0,100,0
KCl,26,0,96.90213223,0
KCl,27,0,94.11669469,0
KCl,28,0,91.90377134,0
KCl,29,0,89.39913842,0
KCl,30,0,87.02953572,0
KCl,31,0,84.13951416,0
KCl,32,0,81.4704284,0
KCl,33,0,79.12857292,0
KCl,34,0,77.8036551,0
KCl,35,0,76.38357836,0
KCl,36,0,75.27775638,0
KCl,37,0,74.58760576,0
KCl,38,0,74.0173161,0
KCl,39,0,73.62070975,0
KCl,40,0,74.18794363,0
KCl,25,2,103.5936973,-3.593697263
KCl,26,2,100.5387157,-3.636583512
KCl,27,2,97.12551471,-3.008820021
KCl,28,2,94.76908045,-2.865309115
KCl,29,2,90.57326009,-1.174121668
KCl,30,2,85.17915616,1.850379562
KCl,31,2,78.64419415,5.495320015
KCl,32,2,73.05781288,8.412615522
KCl,33,2,69.07697858,10.05159434
KCl,34,2,66.27249688,11.53115823
KCl,35,2,64.12095766,12.2626207
KCl,36,2,62.56527147,12.71248491
KCl,37,2,61.32911062,13.25849515
KCl,38,2,60.58056694,13.43674916
KCl,39,2,59.88710692,13.73360283
KCl,40,2,59.42921586,14.75872777
KCl,25,4,103.9920166,-3.992016583
KCl,26,4,100.8478553,-3.94572308
KCl,27,4,97.87384875,-3.757154059
KCl,28,4,94.18895965,-2.285188316
KCl,29,4,88.24023716,1.158901263
KCl,30,4,79.00719926,8.022336461
KCl,31,4,67.92036326,16.2191509
KCl,32,4,60.02516096,21.44526744
KCl,33,4,54.74359743,24.38497549
KCl,34,4,51.08969775,26.71395736
KCl,35,4,48.49161704,27.89196132
KCl,36,4,46.70176921,28.57598717
KCl,37,4,45.81418867,28.77341709
KCl,38,4,45.25501015,28.76230595
KCl,39,4,44.84010973,28.78060002
KCl,40,4,44.29282019,29.89512345
KCl,25,6,103.9920166,-3.992016583
KCl,26,6,100.0767823,-3.174650073
KCl,27,6,96.90213223,-2.785437536
KCl,28,6,92.04495718,-0.141185839
KCl,29,6,84.26877228,5.130366146
KCl,30,6,71.77942913,15.25010659
KCl,31,6,59.33805863,24.80145554
KCl,32,6,51.32551708,30.14491133
KCl,33,6,46.06099692,33.06757601
KCl,34,6,42.55984131,35.24381379
KCl,35,6,40.14825433,36.23532403
KCl,36,6,38.93438628,36.3433701
KCl,37,6,38.22375364,36.36385212
KCl,38,6,37.81522307,36.20209303
KCl,39,6,37.64147791,35.97923184
KCl,40,6,37.46853103,36.71941261
KCl,25,8,102.4865011,-2.486501133
KCl,26,8,97.57382572,-0.671693492
KCl,27,8,93.25382765,0.862867043
KCl,28,8,87.76742025,4.136351083
KCl,29,8,78.40311781,10.99602062
KCl,30,8,63.38697113,23.64256459
KCl,31,8,51.60201571,32.53749845
KCl,32,8,44.12316595,37.34726245
KCl,33,8,39.71915495,39.40941798
KCl,34,8,36.67189338,41.13176172
KCl,35,8,34.7003083,41.68327006
KCl,36,8,33.62533863,41.65241775
KCl,37,8,33.08770665,41.49989912
KCl,38,8,32.85993248,41.15738362
KCl,39,8,32.65878322,40.96192653
KCl,40,8,32.50872974,41.6792139
KCl,25,10,98.47666521,1.523334789
KCl,26,10,93.11078755,3.791344679
KCl,27,10,87.76742025,6.349274437
KCl,28,10,80.78548439,11.11828695
KCl,29,10,68.86522963,20.53390879
KCl,30,10,54.07543229,32.95410342
KCl,31,10,44.63408814,39.50542603
KCl,32,10,38.72576449,42.74466391
KCl,33,10,34.91403155,44.21454137
KCl,34,10,32.33453849,45.46911661
KCl,35,10,30.73736729,45.64621107
KCl,36,10,29.94562166,45.33213472
KCl,37,10,29.53475233,45.05285343
KCl,38,10,29.39905247,44.61826363
KCl,39,10,29.12952034,44.49118941
KCl,40,10,29.0625243,45.12541934
CaCl2,25,0,100,0
CaCl2,26,0,94.62371614,0
CaCl2,27,0,91.48151186,0
CaCl2,28,0,91.55175347,0
CaCl2,29,0,91.76280206,0
CaCl2,30,0,90.57326009,0
CaCl2,31,0,89.60522472,0
CaCl2,32,0,88.17253626,0
CaCl2,33,0,87.29713684,0
CaCl2,34,0,86.69618758,0
CaCl2,35,0,86.23164414,0
CaCl2,36,0,85.83544572,0
CaCl2,37,0,85.83544572,0
CaCl2,38,0,85.96730918,0
CaCl2,39,0,86.09937522,0
CaCl2,40,0,86.49679188,0
CaCl2,25,2,94.47857479,5.521425207
CaCl2,26,2,91.0611925,3.56252364
CaCl2,27,2,87.23015952,4.251352346
CaCl2,28,2,83.62446134,7.927292127
CaCl2,29,2,76.09100729,15.67179477
CaCl2,30,2,63.77737888,26.79588121
CaCl2,31,2,48.67806803,40.92715669
CaCl2,32,2,39.71915495,48.45338131
CaCl2,33,2,34.72695199,52.57018485
CaCl2,34,2,31.38099189,55.31519568
CaCl2,35,2,28.95120648,57.28043766
CaCl2,36,2,27.31073155,58.52471418
CaCl2,37,2,26.20193309,59.63351263
CaCl2,38,2,25.52701303,60.44029616
CaCl2,39,2,24.85039712,61.2489781
CaCl2,40,2,24.37810818,62.11868369
CaCl2,25,4,95.4992586,4.500741398
CaCl2,26,4,92.32797987,2.295736266
CaCl2,27,4,88.51156098,2.96995088
CaCl2,28,4,84.9180475,6.633705968
CaCl2,29,4,76.61844496,15.1443571
CaCl2,30,4,64.41692655,26.15633354
CaCl2,31,4,47.06159766,42.54362706
CaCl2,32,4,36.58755037,51.58498589
CaCl2,33,4,31.30881761,55.98831923
CaCl2,34,4,28.09743445,58.59875313
CaCl2,35,4,25.96171233,60.26993181
CaCl2,36,4,24.62256731,61.21287841
CaCl2,37,4,23.56857545,62.26687027
CaCl2,38,4,23.06747189,62.8998373
CaCl2,39,4,22.55970069,63.53967453
CaCl2,40,4,22.30146193,64.19532995
CaCl2,25,6,95.20651465,4.793485348
CaCl2,26,6,92.04495718,2.578758961
CaCl2,27,6,88.1048873,3.376624562
CaCl2,28,6,84.52788452,7.023868955
CaCl2,29,6,76.61844496,15.1443571
CaCl2,30,6,64.86344335,25.70981673
CaCl2,31,6,47.20630413,42.39892059
CaCl2,32,6,36.25211369,51.92042257
CaCl2,33,6,30.90295433,56.39418251
CaCl2,34,6,27.64818754,59.04800004
CaCl2,35,6,25.56622853,60.66541561
CaCl2,36,6,24.17315481,61.66229091
CaCl2,37,6,23.2987882,62.53665753
CaCl2,38,6,22.64644308,63.32086611
CaCl2,39,6,22.28435149,63.81502373
CaCl2,40,6,21.89441438,64.6023775
CaCl2,25,8,96.01372814,3.986271862
CaCl2,26,8,92.68298234,1.940733799
CaCl2,27,8,88.64753559,2.833976275
CaCl2,28,8,85.17915616,6.372597316
CaCl2,29,8,77.14953865,14.61326341
CaCl2,30,8,65.61452663,24.95873346
CaCl2,31,8,47.7162897,41.88893502
CaCl2,32,8,36.50340134,51.66913492
CaCl2,33,8,30.80822424,56.4889126
CaCl2,34,8,27.62697491,59.06921266
CaCl2,35,8,25.54661325,60.68503088
CaCl2,36,8,24.09905429,61.73639144
CaCl2,37,8,23.1739465,62.66149922
CaCl2,38,8,22.5943577,63.37295148
CaCl2,39,8,22.23309891,63.86627631
CaCl2,40,8,21.86083099,64.63596089
CaCl2,25,10,95.57258513,4.427414872
CaCl2,26,10,92.18635991,2.437356228
CaCl2,27,10,88.24023716,3.241274704
CaCl2,28,10,84.65773926,6.894014216
CaCl2,29,10,76.38357836,15.3792237
CaCl2,30,10,65.16283941,25.41042068
CaCl2,31,10,47.46061192,42.1446128
CaCl2,32,10,36.0578643,52.11467196
CaCl2,33,10,30.54921113,56.74792571
CaCl2,34,10,27.39470743,59.30148014
CaCl2,35,10,25.39023185,60.84141229
CaCl2,36,10,23.93315756,61.90228816
CaCl2,37,10,22.96148648,62.87395924
CaCl2,38,10,22.4044008,63.56290838
CaCl2,39,10,21.82729912,64.2720761
CaCl2,40,10,21.52781735,64.96897453
Sodium Citrate Dyhydrate,25,0,100,0
Sodium Citrate Dyhydrate,26,0,97.34941215,0
Sodium Citrate Dyhydrate,27,0,93.82818886,0
Sodium Citrate Dyhydrate,28,0,91.69239853,0
Sodium Citrate Dyhydrate,29,0,89.19352611,0
Sodium Citrate Dyhydrate,30,0,86.89604293,0
Sodium Citrate Dyhydrate,31,0,84.01045432,0
Sodium Citrate Dyhydrate,32,0,80.72350302,0
Sodium Citrate Dyhydrate,33,0,78.34296428,0
Sodium Citrate Dyhydrate,34,0,76.55966069,0
Sodium Citrate Dyhydrate,35,0,75.27775638,0
Sodium Citrate Dyhydrate,36,0,74.53037962,0
Sodium Citrate Dyhydrate,37,0,74.13102413,0
Sodium Citrate Dyhydrate,38,0,73.847081,0
Sodium Citrate Dyhydrate,39,0,73.56422545,0
Sodium Citrate Dyhydrate,40,0,73.847081,0
Sodium Citrate Dyhydrate,25,2,103.9920166,-3.992016583
Sodium Citrate Dyhydrate,26,2,100.6159117,-3.266499529
Sodium Citrate Dyhydrate,27,2,97.05099672,-3.222807866
Sodium Citrate Dyhydrate,28,2,93.54056741,-1.848168887
Sodium Citrate Dyhydrate,29,2,86.43042861,2.763097502
Sodium Citrate Dyhydrate,30,2,75.91600283,10.9800401
Sodium Citrate Dyhydrate,31,2,60.48764367,23.52281065
Sodium Citrate Dyhydrate,32,2,49.54501908,31.17848394
Sodium Citrate Dyhydrate,33,2,43.95416154,34.38880273
Sodium Citrate Dyhydrate,34,2,41.71894654,34.84071415
Sodium Citrate Dyhydrate,35,2,40.33357025,34.94418613
Sodium Citrate Dyhydrate,36,2,39.41546611,35.11491352
Sodium Citrate Dyhydrate,37,2,38.75549902,35.37552511
Sodium Citrate Dyhydrate,38,2,38.16512303,35.68195797
Sodium Citrate Dyhydrate,39,2,37.69930408,35.86492136
Sodium Citrate Dyhydrate,40,2,37.23917063,36.60791037
Sodium Citrate Dyhydrate,25,4,100.9252886,-0.925288608
Sodium Citrate Dyhydrate,26,4,97.12551471,0.223897435
Sodium Citrate Dyhydrate,27,4,93.68426776,0.143921101
Sodium Citrate Dyhydrate,28,4,88.24023716,3.452161369
Sodium Citrate Dyhydrate,29,4,79.61593504,9.577591068
Sodium Citrate Dyhydrate,30,4,65.61452663,21.2815163
Sodium Citrate Dyhydrate,31,4,49.92675424,34.08370008
Sodium Citrate Dyhydrate,32,4,40.98893805,39.73456498
Sodium Citrate Dyhydrate,33,4,36.33568344,42.00728083
Sodium Citrate Dyhydrate,34,4,33.78054614,42.77911455
Sodium Citrate Dyhydrate,35,4,32.5586708,42.71908558
Sodium Citrate Dyhydrate,36,4,31.89089199,42.63948763
Sodium Citrate Dyhydrate,37,4,31.47748314,42.65354099
Sodium Citrate Dyhydrate,38,4,30.99797569,42.84910531
Sodium Citrate Dyhydrate,39,4,30.73736729,42.82685816
Sodium Citrate Dyhydrate,40,4,30.45556541,43.39151558
Sodium Citrate Dyhydrate,25,6,103.5142167,-3.514216668
Sodium Citrate Dyhydrate,26,6,99.54054174,-2.191129589
Sodium Citrate Dyhydrate,27,6,94.84184633,-1.013657471
Sodium Citrate Dyhydrate,28,6,88.64753559,3.04486294
Sodium Citrate Dyhydrate,29,6,78.2828569,10.91066921
Sodium Citrate Dyhydrate,30,6,60.90692399,25.98911894
Sodium Citrate Dyhydrate,31,6,46.84536926,37.16508506
Sodium Citrate Dyhydrate,32,6,39.26449354,41.45900948
Sodium Citrate Dyhydrate,33,6,34.94083934,43.40212493
Sodium Citrate Dyhydrate,34,6,32.43396173,44.12569896
Sodium Citrate Dyhydrate,35,6,31.26079367,44.01696271
Sodium Citrate Dyhydrate,36,6,30.45556541,44.07481421
Sodium Citrate Dyhydrate,37,6,29.87674864,44.25427549
Sodium Citrate Dyhydrate,38,6,29.51209227,44.33498873
Sodium Citrate Dyhydrate,39,6,29.21908869,44.34513676
Sodium Citrate Dyhydrate,40,6,29.04022654,44.80685445
Sodium Citrate Dyhydrate,25,8,106.4960092,-6.49600917
Sodium Citrate Dyhydrate,26,8,102.8805633,-5.531151122
Sodium Citrate Dyhydrate,27,8,98.40111058,-4.572921717
Sodium Citrate Dyhydrate,28,8,90.08794217,1.60445636
Sodium Citrate Dyhydrate,29,8,77.20877584,11.98475027
Sodium Citrate Dyhydrate,30,8,57.54399373,29.35204919
Sodium Citrate Dyhydrate,31,8,45.95505956,38.05539476
Sodium Citrate Dyhydrate,32,8,39.65823056,41.06527246
Sodium Citrate Dyhydrate,33,8,35.94733233,42.39563195
Sodium Citrate Dyhydrate,34,8,33.59954013,42.96012056
Sodium Citrate Dyhydrate,35,8,32.33453849,42.94321789
Sodium Citrate Dyhydrate,36,8,31.59851454,42.93186509
Sodium Citrate Dyhydrate,37,8,31.11716337,43.01386076
Sodium Citrate Dyhydrate,38,8,30.76096815,43.08611285
Sodium Citrate Dyhydrate,39,8,30.36220676,43.20201869
Sodium Citrate Dyhydrate,40,8,30.13006024,43.71702075
Sodium Citrate Dyhydrate,25,10,108.1433951,-8.14339513
Sodium Citrate Dyhydrate,26,10,103.3554384,-6.006026225
Sodium Citrate Dyhydrate,27,10,94.98754574,-1.159356885
Sodium Citrate Dyhydrate,28,10,84.59278697,7.099611559
Sodium Citrate Dyhydrate,29,10,65.46361741,23.7299087
Sodium Citrate Dyhydrate,30,10,50.38872081,36.50732212
Sodium Citrate Dyhydrate,31,10,42.69070564,41.31974868
Sodium Citrate Dyhydrate,32,10,38.10658234,42.61692069
Sodium Citrate Dyhydrate,33,10,35.0213863,43.32157798
Sodium Citrate Dyhydrate,34,10,33.06232064,43.49734005
Sodium Citrate Dyhydrate,35,10,31.93988391,43.33787247
Sodium Citrate Dyhydrate,36,10,31.26079367,43.26958595
Sodium Citrate Dyhydrate,37,10,30.8318795,43.29914463
Sodium Citrate Dyhydrate,38,10,30.24591078,43.60117022
Sodium Citrate Dyhydrate,39,10,30.03769939,43.52652606
Sodium Citrate Dyhydrate,40,10,29.73947745,44.10760354
Potassium Phosphate Dibasic,25,0,100,0
Potassium Phosphate Dibasic,26,0,98.1747943,0
Potassium Phosphate Dibasic,27,0,97.27472238,0
Potassium Phosphate Dibasic,28,0,97.87384875,0
Potassium Phosphate Dibasic,29,0,97.94899854,0
Potassium Phosphate Dibasic,30,0,97.12551471,0
Potassium Phosphate Dibasic,31,0,95.86645468,0
Potassium Phosphate Dibasic,32,0,94.47857479,0
Potassium Phosphate Dibasic,33,0,94.2612801,0
Potassium Phosphate Dibasic,34,0,94.33365608,0
Potassium Phosphate Dibasic,35,0,94.2612801,0
Potassium Phosphate Dibasic,36,0,94.33365608,0
Potassium Phosphate Dibasic,37,0,94.55111761,0
Potassium Phosphate Dibasic,38,0,94.62371614,0
Potassium Phosphate Dibasic,39,0,94.62371614,0
Potassium Phosphate Dibasic,40,0,94.33365608,0
Potassium Phosphate Dibasic,25,2,92.25714272,7.742857285
Potassium Phosphate Dibasic,26,2,89.39913842,8.77565588
Potassium Phosphate Dibasic,27,2,85.24455867,12.03016371
Potassium Phosphate Dibasic,28,2,83.17637711,14.69747164
Potassium Phosphate Dibasic,29,2,78.16278046,19.78621808
Potassium Phosphate Dibasic,30,2,68.7595987,28.36591602
Potassium Phosphate Dibasic,31,2,56.84164876,39.02480592
Potassium Phosphate Dibasic,32,2,49.54501908,44.93355571
Potassium Phosphate Dibasic,33,2,46.66593803,47.59534207
Potassium Phosphate Dibasic,34,2,45.74391524,48.58974084
Potassium Phosphate Dibasic,35,2,45.1162852,49.1449949
Potassium Phosphate Dibasic,36,2,44.56562484,49.76803124
Potassium Phosphate Dibasic,37,2,43.98791056,50.56320706
Potassium Phosphate Dibasic,38,2,43.35108784,51.2726283
Potassium Phosphate Dibasic,39,2,42.88775698,51.73595916
Potassium Phosphate Dibasic,40,2,42.29931489,52.03434118
Potassium Phosphate Dibasic,25,4,88.51156098,11.48843902
Potassium Phosphate Dibasic,26,4,85.96730918,12.20748512
Potassium Phosphate Dibasic,27,4,82.54041853,14.73430385
Potassium Phosphate Dibasic,28,4,79.18932966,18.68451909
Potassium Phosphate Dibasic,29,4,72.72214272,25.22685582
Potassium Phosphate Dibasic,30,4,62.51726928,34.60824543
Potassium Phosphate Dibasic,31,4,47.89975955,47.96669513
Potassium Phosphate Dibasic,32,4,39.11409924,55.36447555
Potassium Phosphate Dibasic,33,4,35.15604405,59.10523605
Potassium Phosphate Dibasic,34,4,33.65115694,60.68249914
Potassium Phosphate Dibasic,35,4,32.91041307,61.35086703
Potassium Phosphate Dibasic,36,4,32.35936569,61.97429039
Potassium Phosphate Dibasic,37,4,32.03809366,62.51302395
Potassium Phosphate Dibasic,38,4,31.57427108,63.04944505
Potassium Phosphate Dibasic,39,4,31.30881761,63.31489852
Potassium Phosphate Dibasic,40,4,31.04559588,63.2880602
Potassium Phosphate Dibasic,25,6,86.29785478,13.70214522
Potassium Phosphate Dibasic,26,6,83.0487946,15.1259997
Potassium Phosphate Dibasic,27,6,79.9834255,17.29129688
Potassium Phosphate Dibasic,28,6,75.74140087,22.13244788
Potassium Phosphate Dibasic,29,6,68.7595987,29.18939985
Potassium Phosphate Dibasic,30,6,58.61381645,38.51169826
Potassium Phosphate Dibasic,31,6,44.19094953,51.67550515
Potassium Phosphate Dibasic,32,6,35.53584662,58.94272818
Potassium Phosphate Dibasic,33,6,31.14105584,63.12022426
Potassium Phosphate Dibasic,34,6,29.0179459,65.31571018
Potassium Phosphate Dibasic,35,6,28.1190083,66.1422718
Potassium Phosphate Dibasic,36,6,27.64818754,66.68546854
Potassium Phosphate Dibasic,37,6,27.22701308,67.32410453
Potassium Phosphate Dibasic,38,6,26.85344446,67.77027168
Potassium Phosphate Dibasic,39,6,26.66858665,67.95512949
Potassium Phosphate Dibasic,40,6,26.34308703,67.99056905
Potassium Phosphate Dibasic,25,8,88.78371908,11.21628092
Potassium Phosphate Dibasic,26,8,85.63802968,12.53676463
Potassium Phosphate Dibasic,27,8,82.28739868,14.9873237
Potassium Phosphate Dibasic,28,8,77.8036551,20.07019365
Potassium Phosphate Dibasic,29,8,70.19938919,27.74960935
Potassium Phosphate Dibasic,30,8,59.06542501,38.0600897
Potassium Phosphate Dibasic,31,8,44.36086439,51.50559029
Potassium Phosphate Dibasic,32,8,35.75471605,58.72385875
Potassium Phosphate Dibasic,33,8,31.33285724,62.92842286
Potassium Phosphate Dibasic,34,8,28.90679882,65.42685726
Potassium Phosphate Dibasic,35,8,27.66941645,66.59186365
Potassium Phosphate Dibasic,36,8,27.12272579,67.21093029
Potassium Phosphate Dibasic,37,8,26.75058804,67.80052957
Potassium Phosphate Dibasic,38,8,26.4443766,68.17933954
Potassium Phosphate Dibasic,39,8,26.20193309,68.42178304
Potassium Phosphate Dibasic,40,8,25.94179362,68.39186246
Potassium Phosphate Dibasic,25,10,88.03729025,11.96270975
Potassium Phosphate Dibasic,26,10,84.78779348,13.38700082
Potassium Phosphate Dibasic,27,10,81.34546261,15.92925977
Potassium Phosphate Dibasic,28,10,76.55966069,21.31418806
Potassium Phosphate Dibasic,29,10,68.86522963,29.08376891
Potassium Phosphate Dibasic,30,10,57.2796031,39.84591161
Potassium Phosphate Dibasic,31,10,42.85485204,53.01160264
Potassium Phosphate Dibasic,32,10,34.56739614,59.91117865
Potassium Phosphate Dibasic,33,10,30.22270509,64.03857501
Potassium Phosphate Dibasic,34,10,27.77580578,66.5578503
Potassium Phosphate Dibasic,35,10,26.54605562,67.71522448
Potassium Phosphate Dibasic,36,10,25.80278993,68.53086615
Potassium Phosphate Dibasic,37,10,25.44876238,69.10235523
Potassium Phosphate Dibasic,38,10,25.13815116,69.48556498
Potassium Phosphate Dibasic,39,10,24.94594727,69.67776887
Potassium Phosphate Dibasic,40,10,24.79324279,69.54041329
Guanidine Hydrochloride,25,0,100,0
Guanidine Hydrochloride,26,0,96.82778563,0
Guanidine Hydrochloride,27,0,92.61187281,0
Guanidine Hydrochloride,28,0,89.74287945,0
Guanidine Hydrochloride,29,0,86.43042861,0
Guanidine Hydrochloride,30,0,83.11256137,0
Guanidine Hydrochloride,31,0,79.73824387,0
Guanidine Hydrochloride,32,0,76.61844496,0
Guanidine Hydrochloride,33,0,73.96052751,0
Guanidine Hydrochloride,34,0,72.11074792,0
Guanidine Hydrochloride,35,0,71.17595997,0
Guanidine Hydrochloride,36,0,70.74026244,0
Guanidine Hydrochloride,37,0,70.4693069,0
Guanidine Hydrochloride,38,0,70.63175543,0
Guanidine Hydrochloride,39,0,70.68598811,0
Guanidine Hydrochloride,40,0,71.34003751,0
Guanidine Hydrochloride,25,2,101.1579454,-1.157945426
Guanidine Hydrochloride,26,2,97.79875662,-0.97097099
Guanidine Hydrochloride,27,2,93.82818886,-1.216316046
Guanidine Hydrochloride,28,2,91.20108394,-1.458204486
Guanidine Hydrochloride,29,2,86.23164414,0.19878447
Guanidine Hydrochloride,30,2,79.9834255,3.129135874
Guanidine Hydrochloride,31,2,69.66265141,10.07559246
Guanidine Hydrochloride,32,2,59.84115951,16.77728545
Guanidine Hydrochloride,33,2,53.45643594,20.50409157
Guanidine Hydrochloride,34,2,49.3173804,22.79336752
Guanidine Hydrochloride,35,2,46.45152752,24.72443245
Guanidine Hydrochloride,36,2,44.39492568,26.34533675
Guanidine Hydrochloride,37,2,42.85485204,27.61445486
Guanidine Hydrochloride,38,2,41.7509793,28.88077612
Guanidine Hydrochloride,39,2,40.83193863,29.85404948
Guanidine Hydrochloride,40,2,40.17908108,31.16095642
Guanidine Hydrochloride,25,4,102.6439445,-2.643944538
Guanidine Hydrochloride,26,4,99.54054174,-2.712756109
Guanidine Hydrochloride,27,4,96.16122784,-3.549355025
Guanidine Hydrochloride,28,4,92.96796685,-3.225087403
Guanidine Hydrochloride,29,4,86.49679188,-0.06636327
Guanidine Hydrochloride,30,4,77.20877584,5.903785538
Guanidine Hydrochloride,31,4,60.25595861,19.48228526
Guanidine Hydrochloride,32,4,47.24255021,29.37589475
Guanidine Hydrochloride,33,4,40.17908108,33.78144642
Guanidine Hydrochloride,34,4,35.78216934,36.32857858
Guanidine Hydrochloride,35,4,32.73406949,38.44189049
Guanidine Hydrochloride,36,4,30.52577274,40.2144897
Guanidine Hydrochloride,37,4,29.0625243,41.4067826
Guanidine Hydrochloride,38,4,27.88260417,42.74915126
Guanidine Hydrochloride,39,4,27.14355125,43.54243687
Guanidine Hydrochloride,40,4,26.6072506,44.73278691
Guanidine Hydrochloride,25,6,102.5651926,-2.565192625
Guanidine Hydrochloride,26,6,99.54054174,-2.712756109
Guanidine Hydrochloride,27,6,96.08744969,-3.475576873
Guanidine Hydrochloride,28,6,92.32797987,-2.585100421
Guanidine Hydrochloride,29,6,85.17915616,1.251272452
Guanidine Hydrochloride,30,6,74.0741483,9.038413079
Guanidine Hydrochloride,31,6,55.67582571,24.06241816
Guanidine Hydrochloride,32,6,43.55118737,33.06725759
Guanidine Hydrochloride,33,6,37.06807218,36.89245533
Guanidine Hydrochloride,34,6,32.98627941,39.12446851
Guanidine Hydrochloride,35,6,30.29237562,40.88358436
Guanidine Hydrochloride,36,6,28.31391996,42.42634248
Guanidine Hydrochloride,37,6,26.85344446,43.61586244
Guanidine Hydrochloride,38,6,25.88212915,44.74962627
Guanidine Hydrochloride,39,6,25.17676928,45.50921883
Guanidine Hydrochloride,40,6,24.9076832,46.43235431
Guanidine Hydrochloride,25,8,100,0
Guanidine Hydrochloride,26,8,96.90213223,-0.0743466
Guanidine Hydrochloride,27,8,93.82818886,-1.216316046
Guanidine Hydrochloride,28,8,90.01882365,-0.275944195
Guanidine Hydrochloride,29,8,81.65823714,4.772191472
Guanidine Hydrochloride,30,8,67.76415076,15.34841061
Guanidine Hydrochloride,31,8,50.0418473,29.69639657
Guanidine Hydrochloride,32,8,39.87187569,36.74656927
Guanidine Hydrochloride,33,8,34.54087486,39.41965264
Guanidine Hydrochloride,34,8,31.11716337,40.99358455
Guanidine Hydrochloride,35,8,28.72984833,42.44611164
Guanidine Hydrochloride,36,8,27.01883796,43.72142448
Guanidine Hydrochloride,37,8,25.78299316,44.68631374
Guanidine Hydrochloride,38,8,24.92680789,45.70494753
Guanidine Hydrochloride,39,8,24.37810818,46.30787993
Guanidine Hydrochloride,40,8,24.11755809,47.22247941
Guanidine Hydrochloride,25,10,100.0767823,-0.076782299
Guanidine Hydrochloride,26,10,97.34941215,-0.52162652
Guanidine Hydrochloride,27,10,93.68426776,-1.072394945
Guanidine Hydrochloride,28,10,88.7156012,1.027278246
Guanidine Hydrochloride,29,10,77.6843137,8.746114906
Guanidine Hydrochloride,30,10,58.88436554,24.22819584
Guanidine Hydrochloride,31,10,44.87453899,34.86370488
Guanidine Hydrochloride,32,10,37.23917063,39.37927433
Guanidine Hydrochloride,33,10,32.96097122,40.99955629
Guanidine Hydrochloride,34,10,30.01465345,42.09609447
Guanidine Hydrochloride,35,10,27.81847596,43.35748402
Guanidine Hydrochloride,36,10,26.34308703,44.39717541
Guanidine Hydrochloride,37,10,25.17676928,45.29253762
Guanidine Hydrochloride,38,10,24.34071511,46.29104031
Guanidine Hydrochloride,39,10,23.91479523,46.77119288
Guanidine Hydrochloride,40,10,23.64104484,47.69899267
Sucrose,25,0,100,0
Sucrose,26,0,98.40111058,0
Sucrose,27,0,96.38290236,0
Sucrose,28,0,96.82778563,0
Sucrose,29,0,97.20008991,0
Sucrose,30,0,96.67926351,0
Sucrose,31,0,95.13346899,0
Sucrose,32,0,93.61239001,0
Sucrose,33,0,93.32543008,0
Sucrose,34,0,93.75620069,0
Sucrose,35,0,94.11669469,0
Sucrose,36,0,94.04448517,0
Sucrose,37,0,93.97233106,0
Sucrose,38,0,94.11669469,0
Sucrose,39,0,93.97233106,0
Sucrose,40,0,94.2612801,0
Sucrose,25,2,108.5592081,-8.559208106
Sucrose,26,2,106.4143018,-8.013191246
Sucrose,27,2,103.9920166,-7.609114221
Sucrose,28,2,101.9373486,-5.109562968
Sucrose,29,2,100.7704814,-3.5703915
Sucrose,30,2,98.93121284,-2.251949339
Sucrose,31,2,96.97653591,-1.843066924
Sucrose,32,2,94.62371614,-1.011326124
Sucrose,33,2,93.32543008,0
Sucrose,34,2,92.89663868,0.859562015
Sucrose,35,2,92.54081785,1.575876845
Sucrose,36,2,92.46981739,1.574667779
Sucrose,37,2,92.39887142,1.57345964
Sucrose,38,2,92.89663868,1.220056012
Sucrose,39,2,93.11078755,0.86154351
Sucrose,40,2,93.61239001,0.648890088
Sucrose,25,4,103.6732389,-3.673238886
Sucrose,26,4,101.3911386,-2.990027998
Sucrose,27,4,98.25017517,-1.867272804
Sucrose,28,4,95.86645468,0.961330942
Sucrose,29,4,93.97233106,3.227758858
Sucrose,30,4,91.55175347,5.127510035
Sucrose,31,4,88.7156012,6.417867783
Sucrose,32,4,86.36411625,7.248273759
Sucrose,33,4,84.46303186,8.862398221
Sucrose,34,4,83.81723564,9.938965056
Sucrose,35,4,83.68867013,10.42802456
Sucrose,36,4,83.94599865,10.09848652
Sucrose,37,4,84.07495948,9.897371579
Sucrose,38,4,84.65773926,9.458955435
Sucrose,39,4,85.24455867,8.727772387
Sucrose,40,4,85.90135215,8.35992795
Sucrose,25,6,96.38290236,3.617097638
Sucrose,26,6,93.68426776,4.716842818
Sucrose,27,6,89.60522472,6.777677642
Sucrose,28,6,86.62967132,10.1981143
Sucrose,29,6,83.0487946,14.15129531
Sucrose,30,6,79.49381382,17.18544969
Sucrose,31,6,76.26641518,18.86705381
Sucrose,32,6,72.72214272,20.89024729
Sucrose,33,6,69.9841996,23.34123048
Sucrose,34,6,68.49622967,25.25997103
Sucrose,35,6,67.24603258,26.87066211
Sucrose,36,6,66.57839682,27.46608835
Sucrose,37,6,66.37430704,27.59802402
Sucrose,38,6,66.57839682,27.53829787
Sucrose,39,6,67.03989622,26.93243483
Sucrose,40,6,67.55642616,26.70485394
Sucrose,25,8,89.12509381,10.87490619
Sucrose,26,8,85.24455867,13.15655191
Sucrose,27,8,80.4143088,15.96859356
Sucrose,28,8,76.73614894,20.09163669
Sucrose,29,8,72.83386106,24.36622885
Sucrose,30,8,69.02398038,27.65528312
Sucrose,31,8,64.86344335,30.27002563
Sucrose,32,8,61.09420249,32.51818752
Sucrose,33,8,58.29974654,35.02568354
Sucrose,34,8,56.53707464,37.21912605
Sucrose,35,8,55.59042573,38.52626896
Sucrose,36,8,54.95408739,39.09039779
Sucrose,37,8,54.9962824,38.97604866
Sucrose,38,8,55.2501337,38.86656099
Sucrose,39,8,55.16538668,38.80694438
Sucrose,40,8,55.50515673,38.75612337
Sucrose,25,10,99.77000638,0.229993618
Sucrose,26,10,97.49896377,0.902146804
Sucrose,27,10,94.04448517,2.33841719
Sucrose,28,10,90.92151563,5.906269993
Sucrose,29,10,87.4312458,9.768844112
Sucrose,30,10,83.81723564,12.86202787
Sucrose,31,10,79.79946873,15.33400026
Sucrose,32,10,75.74140087,17.87098914
Sucrose,33,10,72.49921987,20.82621021
Sucrose,34,10,70.30723199,23.4489687
Sucrose,35,10,68.8123939,25.30430079
Sucrose,36,10,67.50459458,26.53989059
Sucrose,37,10,66.83439176,27.1379393
Sucrose,38,10,66.57839682,27.53829787
Sucrose,39,10,66.83439176,27.1379393
Sucrose,40,10,67.03989622,27.22138388
Caffeine,25,0,100,0
Caffeine,26,0,95.71940713,0
Caffeine,27,0,90.99132726,0
Caffeine,28,0,87.8348101,0
Caffeine,29,0,83.62446134,0
Caffeine,30,0,79.37187992,0
Caffeine,31,0,74.98942093,0
Caffeine,32,0,71.28530301,0
Caffeine,33,0,68.33869271,0
Caffeine,34,0,66.83439176,0
Caffeine,35,0,65.76578374,0
Caffeine,36,0,65.715326,0
Caffeine,37,0,65.66490697,0
Caffeine,38,0,65.46361741,0
Caffeine,39,0,65.36320413,0
Caffeine,40,0,65.56418494,0
Caffeine,25,2,89.67402567,10.32597433
Caffeine,26,2,85.57232528,10.14708185
Caffeine,27,2,79.79946873,11.19185854
Caffeine,28,2,77.09034691,10.74446319
Caffeine,29,2,73.62070975,10.00375159
Caffeine,30,2,70.14552984,9.226350076
Caffeine,31,2,66.88570874,8.103712194
Caffeine,32,2,63.33833849,7.946964519
Caffeine,33,2,60.16353325,8.175159459
Caffeine,34,2,58.34451043,8.489881329
Caffeine,35,2,57.19174311,8.574040625
Caffeine,36,2,56.75446054,8.960865457
Caffeine,37,2,56.36376558,9.30114139
Caffeine,38,2,56.01873963,9.444877782
Caffeine,39,2,56.1047976,9.258406527
Caffeine,40,2,56.53707464,9.027110301
Caffeine,25,4,104.6325156,-4.632515554
Caffeine,26,4,100.6931669,-4.973759756
Caffeine,27,4,97.64874514,-6.657417881
Caffeine,28,4,93.75620069,-5.921390596
Caffeine,29,4,90.50376922,-6.879307871
Caffeine,30,4,87.63279564,-8.260915721
Caffeine,31,4,84.13951416,-9.150093231
Caffeine,32,4,80.66156922,-9.376266205
Caffeine,33,4,78.10281132,-9.764118616
Caffeine,34,4,76.38357836,-9.549186601
Caffeine,35,4,75.10462235,-9.338838611
Caffeine,36,4,74.75954795,-9.044221954
Caffeine,37,4,74.41605903,-8.751152057
Caffeine,38,4,74.35896451,-8.895347101
Caffeine,39,4,74.70218989,-9.338985763
Caffeine,40,4,74.98942093,-9.425235991
Caffeine,25,6,118.0320636,-18.03206357
Caffeine,26,6,115.3453258,-19.62591865
Caffeine,27,6,113.3269846,-22.33565736
Caffeine,28,6,110.3231533,-22.48834324
Caffeine,29,6,108.0604239,-24.43596251
Caffeine,30,6,105.2769594,-25.90507952
Caffeine,31,6,102.6439445,-27.6545236
Caffeine,32,6,98.77946432,-27.49416131
Caffeine,33,6,96.01372814,-27.67503543
Caffeine,34,6,94.62371614,-27.78932438
Caffeine,35,6,93.32543008,-27.55964634
Caffeine,36,6,92.46981739,-26.7544914
Caffeine,37,6,91.41132415,-25.74641717
Caffeine,38,6,91.0611925,-25.59757509
Caffeine,39,6,90.92151563,-25.5583115
Caffeine,40,6,90.99132726,-25.42714232
Caffeine,25,8,122.179966,-22.17996602
Caffeine,26,8,119.7659416,-24.04653449
Caffeine,27,8,117.1296018,-26.13827449
Caffeine,28,8,115.2568289,-27.42201884
Caffeine,29,8,114.7272719,-31.10281057
Caffeine,30,8,113.2400363,-33.86815641
Caffeine,31,8,111.258534,-36.26911311
Caffeine,32,8,108.1433951,-36.85809212
Caffeine,33,8,107.1519305,-38.81323781
Caffeine,34,8,106.5777793,-39.7433875
Caffeine,35,8,106.6596121,-40.89382839
Caffeine,36,8,106.5777793,-40.86245326
Caffeine,37,8,106.3326572,-40.66775019
Caffeine,38,8,106.8234664,-41.359849
Caffeine,39,8,106.9875724,-41.62436828
Caffeine,40,8,106.7415078,-41.17732288
Caffeine,25,10,123.9747763,-23.9747763
Caffeine,26,10,123.4999173,-27.78051014
Caffeine,27,10,124.069967,-33.07863972
Caffeine,28,10,124.1652308,-36.33042066
Caffeine,29,10,123.6896422,-40.06518089
Caffeine,30,10,123.4051639,-44.03328403
Caffeine,31,10,121.5252902,-46.53586922
Caffeine,32,10,119.4904876,-48.20518459
Caffeine,33,10,118.4858986,-50.14720591
Caffeine,34,10,117.9415054,-51.10711361
Caffeine,35,10,117.3996134,-51.63382964
Caffeine,36,10,116.770552,-51.05522603
Caffeine,37,10,116.3232872,-50.65838027
Caffeine,38,10,116.0557511,-50.5921337
Caffeine,39,10,116.0557511,-50.69254698
Caffeine,40,10,115.6999932,-50.13580823
Ibuprofen Sodium,25,0,100,0
Ibuprofen Sodium,26,0,99.46417086,0
Ibuprofen Sodium,27,0,98.09947127,0
Ibuprofen Sodium,28,0,97.64874514,0
Ibuprofen Sodium,29,0,96.82778563,0
Ibuprofen Sodium,30,0,95.79290269,0
Ibuprofen Sodium,31,0,94.33365608,0
Ibuprofen Sodium,32,0,92.96796685,0
Ibuprofen Sodium,33,0,92.54081785,0
Ibuprofen Sodium,34,0,92.82536523,0
Ibuprofen Sodium,35,0,93.39708749,0
Ibuprofen Sodium,36,0,94.04448517,0
Ibuprofen Sodium,37,0,94.47857479,0
Ibuprofen Sodium,38,0,95.13346899,0
Ibuprofen Sodium,39,0,95.20651465,0
Ibuprofen Sodium,40,0,95.42598833,0
Ibuprofen Sodium,25,2,83.81723564,16.18276436
Ibuprofen Sodium,26,2,81.2206885,18.24348235
Ibuprofen Sodium,27,2,76.91304403,21.18642724
Ibuprofen Sodium,28,2,76.85403373,20.79471141
Ibuprofen Sodium,29,2,74.81695005,22.01083558
Ibuprofen Sodium,30,2,72.72214272,23.07075997
Ibuprofen Sodium,31,2,70.4693069,23.86434918
Ibuprofen Sodium,32,2,68.02470494,24.94326192
Ibuprofen Sodium,33,2,66.27249688,26.26832097
Ibuprofen Sodium,34,2,65.21287293,27.6124923
Ibuprofen Sodium,35,2,64.31811877,29.07896872
Ibuprofen Sodium,36,2,64.07176189,29.97272329
Ibuprofen Sodium,37,2,63.92440092,30.55417387
Ibuprofen Sodium,38,2,64.07176189,31.0617071
Ibuprofen Sodium,39,2,64.1701912,31.03632345
Ibuprofen Sodium,40,2,64.46638735,30.95960099
Ibuprofen Sodium,25,4,91.76280206,8.237197941
Ibuprofen Sodium,26,4,88.78371908,10.68045178
Ibuprofen Sodium,27,4,85.96730918,12.13216209
Ibuprofen Sodium,28,4,81.84647881,15.80226633
Ibuprofen Sodium,29,4,78.16278046,18.66500517
Ibuprofen Sodium,30,4,74.30191379,21.4909889
Ibuprofen Sodium,31,4,70.68598811,23.64766797
Ibuprofen Sodium,32,4,67.34933832,25.61862853
Ibuprofen Sodium,33,4,64.76395067,27.77686717
Ibuprofen Sodium,34,4,62.70949932,30.11586591
Ibuprofen Sodium,35,4,61.28205684,32.11503065
Ibuprofen Sodium,36,4,60.48764367,33.5568415
Ibuprofen Sodium,37,4,60.20972819,34.2688466
Ibuprofen Sodium,38,4,59.84115951,35.29230948
Ibuprofen Sodium,39,4,59.88710692,35.31940773
Ibuprofen Sodium,40,4,59.84115951,35.58482883
Ibuprofen Sodium,25,6,91.90377134,8.096228664
Ibuprofen Sodium,26,6,89.33054837,10.13362248
Ibuprofen Sodium,27,6,86.1654843,11.93398697
Ibuprofen Sodium,28,6,83.30415562,14.34458953
Ibuprofen Sodium,29,6,80.04483861,16.78294701
Ibuprofen Sodium,30,6,76.61844496,19.17445773
Ibuprofen Sodium,31,6,73.00176045,21.33189563
Ibuprofen Sodium,32,6,69.23621746,23.73174939
Ibuprofen Sodium,33,6,66.52731562,26.01350223
Ibuprofen Sodium,34,6,64.41692655,28.40843868
Ibuprofen Sodium,35,6,62.80583588,30.59125161
Ibuprofen Sodium,36,6,62.27781016,31.76667501
Ibuprofen Sodium,37,6,61.99166962,32.48690518
Ibuprofen Sodium,38,6,61.89658189,33.2368871
Ibuprofen Sodium,39,6,61.89658189,33.30993276
Ibuprofen Sodium,40,6,62.03926825,33.38672009
Ibuprofen Sodium,25,8,89.19352611,10.80647389
Ibuprofen Sodium,26,8,86.62967132,12.83449954
Ibuprofen Sodium,27,8,83.30415562,14.79531566
Ibuprofen Sodium,28,8,80.90958992,16.73915523
Ibuprofen Sodium,29,8,77.8036551,19.02413052
Ibuprofen Sodium,30,8,74.53037962,21.26252307
Ibuprofen Sodium,31,8,70.52341485,23.81024123
Ibuprofen Sodium,32,8,66.62951725,26.33844961
Ibuprofen Sodium,33,8,63.53309319,29.00772466
Ibuprofen Sodium,34,8,61.09420249,31.73116274
Ibuprofen Sodium,35,8,59.29253246,34.10455503
Ibuprofen Sodium,36,8,58.21032178,35.8341634
Ibuprofen Sodium,37,8,57.4557282,37.02284659
Ibuprofen Sodium,38,8,57.10401789,38.0294511
Ibuprofen Sodium,39,8,56.88529308,38.32122157
Ibuprofen Sodium,40,8,56.84164876,38.58433957
Ibuprofen Sodium,25,10,93.0393498,6.960650205
Ibuprofen Sodium,26,10,90.57326009,8.890910768
Ibuprofen Sodium,27,10,87.8348101,10.26466118
Ibuprofen Sodium,28,10,84.98324953,12.66549561
Ibuprofen Sodium,29,10,82.09814291,14.72964272
Ibuprofen Sodium,30,10,78.76501015,17.02789254
Ibuprofen Sodium,31,10,74.87439623,19.45925985
Ibuprofen Sodium,32,10,70.90333559,22.06463127
Ibuprofen Sodium,33,10,67.60829754,24.93252031
Ibuprofen Sodium,34,10,65.06288749,27.76247774
Ibuprofen Sodium,35,10,63.04732526,30.34976223
Ibuprofen Sodium,36,10,61.7542237,32.29026147
Ibuprofen Sodium,37,10,61.09420249,33.3843723
Ibuprofen Sodium,38,10,60.67363296,34.45983603
Ibuprofen Sodium,39,10,60.58056694,34.62594771
Ibuprofen Sodium,40,10,60.53408748,34.89190086
Lidocaine Hydrochloride,25,0,100,0
Lidocaine Hydrochloride,26,0,96.75349607,0
Lidocaine Hydrochloride,27,0,91.76280206,0
Lidocaine Hydrochloride,28,0,89.12509381,0
Lidocaine Hydrochloride,29,0,85.76958986,0
Lidocaine Hydrochloride,30,0,82.35058083,0
Lidocaine Hydrochloride,31,0,78.94658226,0
Lidocaine Hydrochloride,32,0,75.22000074,0
Lidocaine Hydrochloride,33,0,72.49921987,0
Lidocaine Hydrochloride,34,0,70.68598811,0
Lidocaine Hydrochloride,35,0,69.23621746,0
Lidocaine Hydrochloride,36,0,68.65412978,0
Lidocaine Hydrochloride,37,0,68.33869271,0
Lidocaine Hydrochloride,38,0,68.49622967,0
Lidocaine Hydrochloride,39,0,68.54882265,0
Lidocaine Hydrochloride,40,0,69.07697858,0
Lidocaine Hydrochloride,25,2,106.2510751,-6.251075146
Lidocaine Hydrochloride,26,2,103.4347971,-6.681300985
Lidocaine Hydrochloride,27,2,100.3074831,-8.544681049
Lidocaine Hydrochloride,28,2,97.05099672,-7.925902911
Lidocaine Hydrochloride,29,2,90.92151563,-5.151925774
Lidocaine Hydrochloride,30,2,80.84751334,1.503067494
Lidocaine Hydrochloride,31,2,62.90232044,16.04426182
Lidocaine Hydrochloride,32,2,47.97334486,27.24665587
Lidocaine Hydrochloride,33,2,40.30262497,32.19659489
Lidocaine Hydrochloride,34,2,35.56313186,35.12285626
Lidocaine Hydrochloride,35,2,32.38421196,36.85200551
Lidocaine Hydrochloride,36,2,29.99162519,38.66250459
Lidocaine Hydrochloride,37,2,28.4227874,39.9159053
Lidocaine Hydrochloride,38,2,27.24791861,41.24831106
Lidocaine Hydrochloride,39,2,26.24218543,42.30663721
Lidocaine Hydrochloride,40,2,25.46830253,43.60867606
Lidocaine Hydrochloride,25,4,103.5142167,-3.514216668
Lidocaine Hydrochloride,26,4,100.461579,-3.70808296
Lidocaine Hydrochloride,27,4,96.6050879,-4.84228584
Lidocaine Hydrochloride,28,4,93.18228015,-4.057186337
Lidocaine Hydrochloride,29,4,86.43042861,-0.660838748
Lidocaine Hydrochloride,30,4,74.58760576,7.76297507
Lidocaine Hydrochloride,31,4,55.33501092,23.61157133
Lidocaine Hydrochloride,32,4,40.45758917,34.76241157
Lidocaine Hydrochloride,33,4,33.52226333,38.97695653
Lidocaine Hydrochloride,34,4,29.37649652,41.30949159
Lidocaine Hydrochloride,35,4,26.58683661,42.64938085
Lidocaine Hydrochloride,36,4,24.85039712,43.80373266
Lidocaine Hydrochloride,37,4,23.49632821,44.8423645
Lidocaine Hydrochloride,38,4,22.45604828,46.04018139
Lidocaine Hydrochloride,39,4,21.67704105,46.8717816
Lidocaine Hydrochloride,40,4,20.98939884,48.08757975
Lidocaine Hydrochloride,25,6,103.9920166,-3.992016583
Lidocaine Hydrochloride,26,6,100.8478553,-4.094359238
Lidocaine Hydrochloride,27,6,96.97653591,-5.213733851
Lidocaine Hydrochloride,28,6,93.68426776,-4.559173945
Lidocaine Hydrochloride,29,6,86.62967132,-0.860081464
Lidocaine Hydrochloride,30,6,74.0173161,8.333264733
Lidocaine Hydrochloride,31,6,53.57966575,25.3669165
Lidocaine Hydrochloride,32,6,39.59739963,35.6226011
Lidocaine Hydrochloride,33,6,33.01160703,39.48761283
Lidocaine Hydrochloride,34,6,29.10717118,41.57881693
Lidocaine Hydrochloride,35,6,26.6890634,42.54715407
Lidocaine Hydrochloride,36,6,25.09959227,43.55453751
Lidocaine Hydrochloride,37,6,23.95153399,44.38715872
Lidocaine Hydrochloride,38,6,22.83845215,45.65777752
Lidocaine Hydrochloride,39,6,22.1819642,46.36685845
Lidocaine Hydrochloride,40,6,21.5443469,47.53263168
Lidocaine Hydrochloride,25,8,104.5522379,-4.552237942
Lidocaine Hydrochloride,26,8,101.6248693,-4.87137322
Lidocaine Hydrochloride,27,8,98.1747943,-6.411992243
Lidocaine Hydrochloride,28,8,94.40608763,-5.280993815
Lidocaine Hydrochloride,29,8,86.49679188,-0.727202018
Lidocaine Hydrochloride,30,8,72.05542211,10.29515872
Lidocaine Hydrochloride,31,8,50.85496191,28.09162035
Lidocaine Hydrochloride,32,8,38.40018647,36.81981426
Lidocaine Hydrochloride,33,8,32.48378794,40.01543193
Lidocaine Hydrochloride,34,8,29.0179459,41.66804221
Lidocaine Hydrochloride,35,8,26.77112776,42.4650897
Lidocaine Hydrochloride,36,8,25.17676928,43.4773605
Lidocaine Hydrochloride,37,8,24.06208925,44.27660346
Lidocaine Hydrochloride,38,8,23.1206479,45.37558176
Lidocaine Hydrochloride,39,8,22.68123335,45.8675893
Lidocaine Hydrochloride,40,8,21.94488621,47.13209237
Lidocaine Hydrochloride,25,10,102.1723385,-2.172338451
Lidocaine Hydrochloride,26,10,98.77946432,-2.025968255
Lidocaine Hydrochloride,27,10,95.86645468,-4.103652624
Lidocaine Hydrochloride,28,10,91.41132415,-2.286230334
Lidocaine Hydrochloride,29,10,81.28305162,4.486538243
Lidocaine Hydrochloride,30,10,62.13457517,20.21600566
Lidocaine Hydrochloride,31,10,45.18559444,33.76098782
Lidocaine Hydrochloride,32,10,36.14098626,39.07901447
Lidocaine Hydrochloride,33,10,31.67135663,40.82786323
Lidocaine Hydrochloride,34,10,28.99568235,41.69030576
Lidocaine Hydrochloride,35,10,26.89469767,42.34151979
Lidocaine Hydrochloride,36,10,25.68423688,42.9698929
Lidocaine Hydrochloride,37,10,24.96510134,43.37359137
Lidocaine Hydrochloride,38,10,23.96992453,44.52630513
Lidocaine Hydrochloride,39,10,23.35249745,45.1963252
Lidocaine Hydrochloride,40,10,23.01441817,46.06256041
Tenofovir Disproxyl Fumarate,25,0,100,0
Tenofovir Disproxyl Fumarate,26,0,98.55227786,0
Tenofovir Disproxyl Fumarate,27,0,96.23506264,0
Tenofovir Disproxyl Fumarate,28,0,94.62371614,0
Tenofovir Disproxyl Fumarate,29,0,93.82818886,0
Tenofovir Disproxyl Fumarate,30,0,92.32797987,0
Tenofovir Disproxyl Fumarate,31,0,91.41132415,0
Tenofovir Disproxyl Fumarate,32,0,91.0611925,0
Tenofovir Disproxyl Fumarate,33,0,91.55175347,0
Tenofovir Disproxyl Fumarate,34,0,92.32797987,0
Tenofovir Disproxyl Fumarate,35,0,93.39708749,0
Tenofovir Disproxyl Fumarate,36,0,94.76908045,0
Tenofovir Disproxyl Fumarate,37,0,96.23506264,0
Tenofovir Disproxyl Fumarate,38,0,97.87384875,0
Tenofovir Disproxyl Fumarate,39,0,98.55227786,0
Tenofovir Disproxyl Fumarate,40,0,98.77946432,0
Tenofovir Disproxyl Fumarate,25,2,92.46981739,7.530182606
Tenofovir Disproxyl Fumarate,26,2,89.74287945,8.809398408
Tenofovir Disproxyl Fumarate,27,2,86.36411625,9.870946386
Tenofovir Disproxyl Fumarate,28,2,81.28305162,13.34066452
Tenofovir Disproxyl Fumarate,29,2,71.28530301,22.54288585
Tenofovir Disproxyl Fumarate,30,2,55.50515673,36.82282314
Tenofovir Disproxyl Fumarate,31,2,40.3645393,51.04678485
Tenofovir Disproxyl Fumarate,32,2,32.5836701,58.4775224
Tenofovir Disproxyl Fumarate,33,2,28.68578022,62.86597325
Tenofovir Disproxyl Fumarate,34,2,26.02156025,66.30641962
Tenofovir Disproxyl Fumarate,35,2,24.21029047,69.18679702
Tenofovir Disproxyl Fumarate,36,2,22.99676073,71.77231972
Tenofovir Disproxyl Fumarate,37,2,22.01236303,74.22269961
Tenofovir Disproxyl Fumarate,38,2,21.2977308,76.57611795
Tenofovir Disproxyl Fumarate,39,2,20.71730851,77.83496935
Tenofovir Disproxyl Fumarate,40,2,20.18366364,78.59580069
Tenofovir Disproxyl Fumarate,25,4,92.46981739,7.530182606
Tenofovir Disproxyl Fumarate,26,4,89.88074565,8.671532208
Tenofovir Disproxyl Fumarate,27,4,86.62967132,9.605391317
Tenofovir Disproxyl Fumarate,28,4,82.09814291,12.52557323
Tenofovir Disproxyl Fumarate,29,4,72.66634783,21.16184103
Tenofovir Disproxyl Fumarate,30,4,58.34451043,33.98346944
Tenofovir Disproxyl Fumarate,31,4,41.49540426,49.91591988
Tenofovir Disproxyl Fumarate,32,4,32.5836701,58.4775224
Tenofovir Disproxyl Fumarate,33,4,28.16220572,63.38954775
Tenofovir Disproxyl Fumarate,34,4,25.52701303,66.80096684
Tenofovir Disproxyl Fumarate,35,4,23.62290663,69.77418086
Tenofovir Disproxyl Fumarate,36,4,22.4044008,72.36467965
Tenofovir Disproxyl Fumarate,37,4,21.42890601,74.80615663
Tenofovir Disproxyl Fumarate,38,4,20.70141349,77.17243526
Tenofovir Disproxyl Fumarate,39,4,20.15270434,78.39957352
Tenofovir Disproxyl Fumarate,40,4,19.73937208,79.04009225
Tenofovir Disproxyl Fumarate,25,6,91.55175347,8.448246529
Tenofovir Disproxyl Fumarate,26,6,88.37579495,10.17648291
Tenofovir Disproxyl Fumarate,27,6,85.04850163,11.18656101
Tenofovir Disproxyl Fumarate,28,6,80.53784412,14.08587202
Tenofovir Disproxyl Fumarate,29,6,71.50449328,22.32369558
Tenofovir Disproxyl Fumarate,30,6,57.23565625,35.09232362
Tenofovir Disproxyl Fumarate,31,6,40.39553212,51.01579203
Tenofovir Disproxyl Fumarate,32,6,31.55004623,59.51114626
Tenofovir Disproxyl Fumarate,33,6,27.22701308,64.32474039
Tenofovir Disproxyl Fumarate,34,6,24.62256731,67.70541256
Tenofovir Disproxyl Fumarate,35,6,22.89110021,70.50598728
Tenofovir Disproxyl Fumarate,36,6,21.59401175,73.1750687
Tenofovir Disproxyl Fumarate,37,6,20.78101073,75.45405191
Tenofovir Disproxyl Fumarate,38,6,20.04472027,77.82912848
Tenofovir Disproxyl Fumarate,39,6,19.46853774,79.08374012
Tenofovir Disproxyl Fumarate,40,6,19.03998784,79.73947648
Tenofovir Disproxyl Fumarate,25,8,91.48151186,8.518488137
Tenofovir Disproxyl Fumarate,26,8,88.92011179,9.632166073
Tenofovir Disproxyl Fumarate,27,8,85.04850163,11.18656101
Tenofovir Disproxyl Fumarate,28,8,80.90958992,13.71412622
Tenofovir Disproxyl Fumarate,29,8,71.66932816,22.1588607
Tenofovir Disproxyl Fumarate,30,8,59.24704122,33.08093865
Tenofovir Disproxyl Fumarate,31,8,42.1049672,49.30635695
Tenofovir Disproxyl Fumarate,32,8,32.5586708,58.50252169
Tenofovir Disproxyl Fumarate,33,8,27.92543841,63.62631506
Tenofovir Disproxyl Fumarate,34,8,25.00345362,67.32452625
Tenofovir Disproxyl Fumarate,35,8,23.15616666,70.24092083
Tenofovir Disproxyl Fumarate,36,8,21.94488621,72.82419424
Tenofovir Disproxyl Fumarate,37,8,20.97329506,75.26176758
Tenofovir Disproxyl Fumarate,38,8,20.26127013,77.61257862
Tenofovir Disproxyl Fumarate,39,8,19.75452842,78.79774944
Tenofovir Disproxyl Fumarate,40,8,19.26046051,79.51900381
Tenofovir Disproxyl Fumarate,25,10,89.12509381,10.87490619
Tenofovir Disproxyl Fumarate,26,10,86.36411625,12.1881616
Tenofovir Disproxyl Fumarate,27,10,82.85778767,13.37727497
Tenofovir Disproxyl Fumarate,28,10,78.0428882,16.58082794
Tenofovir Disproxyl Fumarate,29,10,68.60145601,25.22673285
Tenofovir Disproxyl Fumarate,30,10,55.97576015,36.35221972
Tenofovir Disproxyl Fumarate,31,10,39.50632814,51.90499601
Tenofovir Disproxyl Fumarate,32,10,30.73736729,60.32382521
Tenofovir Disproxyl Fumarate,33,10,26.32287572,65.22887775
Tenofovir Disproxyl Fumarate,34,10,23.75016694,68.57781293
Tenofovir Disproxyl Fumarate,35,10,21.9954744,71.40161309
Tenofovir Disproxyl Fumarate,36,10,20.84490883,73.92417162
Tenofovir Disproxyl Fumarate,37,10,19.95262315,76.28243949
Tenofovir Disproxyl Fumarate,38,10,19.17196673,78.70188202
Tenofovir Disproxyl Fumarate,39,10,18.74994508,79.80233278
Tenofovir Disproxyl Fumarate,40,10,18.39359699,80.38586733
Phenylephrine Hydrochloride,25,0,100,0
Phenylephrine Hydrochloride,26,0,95.94006315,0
Phenylephrine Hydrochloride,27,0,90.15711376,0
Phenylephrine Hydrochloride,28,0,87.49837752,0
Phenylephrine Hydrochloride,29,0,84.07495948,0
Phenylephrine Hydrochloride,30,0,80.47605276,0
Phenylephrine Hydrochloride,31,0,77.09034691,0
Phenylephrine Hydrochloride,32,0,73.56422545,0
Phenylephrine Hydrochloride,33,0,70.9577768,0
Phenylephrine Hydrochloride,34,0,69.3425806,0
Phenylephrine Hydrochloride,35,0,67.92036326,0
Phenylephrine Hydrochloride,36,0,67.45280277,0
Phenylephrine Hydrochloride,37,0,67.19443914,0
Phenylephrine Hydrochloride,38,0,67.14288529,0
Phenylephrine Hydrochloride,39,0,67.40105069,0
Phenylephrine Hydrochloride,40,0,68.28626095,0
Phenylephrine Hydrochloride,25,2,110.153931,-10.15393095
Phenylephrine Hydrochloride,26,2,107.3989412,-11.45887808
Phenylephrine Hydrochloride,27,2,104.4720219,-14.31490816
Phenylephrine Hydrochloride,28,2,101.1579454,-13.6595679
Phenylephrine Hydrochloride,29,2,94.55111761,-10.47615814
Phenylephrine Hydrochloride,30,2,85.04850163,-4.572448869
Phenylephrine Hydrochloride,31,2,67.60829754,9.482049367
Phenylephrine Hydrochloride,32,2,53.99248712,19.57173833
Phenylephrine Hydrochloride,33,2,46.27360482,24.68417198
Phenylephrine Hydrochloride,34,2,41.46356758,27.87901302
Phenylephrine Hydrochloride,35,2,38.01893963,29.90142363
Phenylephrine Hydrochloride,36,2,35.69987263,31.75293014
Phenylephrine Hydrochloride,37,2,33.93647006,33.25796909
Phenylephrine Hydrochloride,38,2,32.45886528,34.68402002
Phenylephrine Hydrochloride,39,2,31.45333255,35.94771814
Phenylephrine Hydrochloride,40,2,30.54921113,37.73704982
Phenylephrine Hydrochloride,25,4,107.1519305,-7.151930524
Phenylephrine Hydrochloride,26,4,104.4720219,-8.53195877
Phenylephrine Hydrochloride,27,4,101.2356168,-11.07850306
Phenylephrine Hydrochloride,28,4,97.57382572,-10.07544819
Phenylephrine Hydrochloride,29,4,89.94975815,-5.874798675
Phenylephrine Hydrochloride,30,4,77.44617978,3.029872976
Phenylephrine Hydrochloride,31,4,57.19174311,19.8986038
Phenylephrine Hydrochloride,32,4,43.41768532,30.14654013
Phenylephrine Hydrochloride,33,4,36.47539469,34.4823821
Phenylephrine Hydrochloride,34,4,32.23542002,37.10716058
Phenylephrine Hydrochloride,35,4,29.33143652,38.58892674
Phenylephrine Hydrochloride,36,4,27.52115566,39.93164711
Phenylephrine Hydrochloride,37,4,25.9218902,41.27254895
Phenylephrine Hydrochloride,38,4,24.73621992,42.40666538
Phenylephrine Hydrochloride,39,4,23.87811283,43.52293786
Phenylephrine Hydrochloride,40,4,23.1206479,45.16561305
Phenylephrine Hydrochloride,25,6,108.6425624,-8.642562362
Phenylephrine Hydrochloride,26,6,106.1695557,-10.22949257
Phenylephrine Hydrochloride,27,6,102.9595573,-12.80244357
Phenylephrine Hydrochloride,28,6,99.54054174,-12.04216421
Phenylephrine Hydrochloride,29,6,91.27111022,-7.196150747
Phenylephrine Hydrochloride,30,6,76.73614894,3.73990382
Phenylephrine Hydrochloride,31,6,55.33501092,21.75533598
Phenylephrine Hydrochloride,32,6,42.92068719,30.64353826
Phenylephrine Hydrochloride,33,6,36.53142949,34.42634731
Phenylephrine Hydrochloride,34,6,32.5586708,36.7839098
Phenylephrine Hydrochloride,35,6,29.73947745,38.18088581
Phenylephrine Hydrochloride,36,6,27.86121169,39.59159108
Phenylephrine Hydrochloride,37,6,26.48500139,40.70943776
Phenylephrine Hydrochloride,38,6,25.25418359,41.8887017
Phenylephrine Hydrochloride,39,6,24.34071511,43.06033558
Phenylephrine Hydrochloride,40,6,23.64104484,44.64521611
Phenylephrine Hydrochloride,25,8,107.7291748,-7.729174837
Phenylephrine Hydrochloride,26,8,104.071864,-8.131800892
Phenylephrine Hydrochloride,27,8,100.6931669,-10.53605312
Phenylephrine Hydrochloride,28,8,95.71940713,-8.221029607
Phenylephrine Hydrochloride,29,8,86.1654843,-2.09052482
Phenylephrine Hydrochloride,30,8,69.50243176,10.973621
Phenylephrine Hydrochloride,31,8,49.58306089,27.50728602
Phenylephrine Hydrochloride,32,8,39.05410294,34.5101225
Phenylephrine Hydrochloride,33,8,33.57376142,37.38401537
Phenylephrine Hydrochloride,34,8,30.1995172,39.1430634
Phenylephrine Hydrochloride,35,8,27.81847596,40.10188731
Phenylephrine Hydrochloride,36,8,26.30267992,41.15012285
Phenylephrine Hydrochloride,37,8,24.94594727,42.24849187
Phenylephrine Hydrochloride,38,8,24.02518091,43.11770438
Phenylephrine Hydrochloride,39,8,23.1206479,44.28040279
Phenylephrine Hydrochloride,40,8,22.61170617,45.67455478
Phenylephrine Hydrochloride,25,10,103.2761406,-3.276140576
Phenylephrine Hydrochloride,26,10,100.6159117,-4.675848523
Phenylephrine Hydrochloride,27,10,98.55227786,-8.395164098
Phenylephrine Hydrochloride,28,10,91.55175347,-4.053375948
Phenylephrine Hydrochloride,29,10,79.92205951,4.152899972
Phenylephrine Hydrochloride,30,10,59.88710692,20.58894583
Phenylephrine Hydrochloride,31,10,44.66835922,32.42198769
Phenylephrine Hydrochloride,32,10,36.53142949,37.03279596
Phenylephrine Hydrochloride,33,10,32.30973034,38.64804646
Phenylephrine Hydrochloride,34,10,29.30893245,40.03364815
Phenylephrine Hydrochloride,35,10,27.24791861,40.67244465
Phenylephrine Hydrochloride,36,10,25.72369392,41.72910885
Phenylephrine Hydrochloride,37,10,24.64147308,42.55296606
Phenylephrine Hydrochloride,38,10,23.69554307,43.44734222
Phenylephrine Hydrochloride,39,10,22.96148648,44.43956421
Phenylephrine Hydrochloride,40,10,22.16494544,46.1213155
Acetylsalicylic Acid,25,0,100,0
Acetylsalicylic Acid,26,0,102.2115561,0
Acetylsalicylic Acid,27,0,102.5651926,0
Acetylsalicylic Acid,28,0,104.2317429,0
Acetylsalicylic Acid,29,0,103.9920166,0
Acetylsalicylic Acid,30,0,103.7528416,0
Acetylsalicylic Acid,31,0,103.038612,0
Acetylsalicylic Acid,32,0,102.5651926,0
Acetylsalicylic Acid,33,0,101.8591388,0
Acetylsalicylic Acid,34,0,101.8591388,0
Acetylsalicylic Acid,35,0,102.6833432,0
Acetylsalicylic Acid,36,0,103.6334604,0
Acetylsalicylic Acid,37,0,105.0751455,0
Acetylsalicylic Acid,38,0,106.6596121,0
Acetylsalicylic Acid,39,0,107.7705254,0
Acetylsalicylic Acid,40,0,108.3926914,0
Acetylsalicylic Acid,25,2,97.27472238,2.725277622
Acetylsalicylic Acid,26,2,92.25714272,9.954413345
Acetylsalicylic Acid,27,2,83.36811846,19.19707416
Acetylsalicylic Acid,28,2,69.82324041,34.40850253
Acetylsalicylic Acid,29,2,56.1047976,47.88721898
Acetylsalicylic Acid,30,2,39.76490965,63.98793193
Acetylsalicylic Acid,31,2,30.65490679,72.38370525
Acetylsalicylic Acid,32,2,26.36331386,76.20187877
Acetylsalicylic Acid,33,2,23.85063795,78.00850085
Acetylsalicylic Acid,34,2,22.1309471,79.72819171
Acetylsalicylic Acid,35,2,20.79696687,81.8863763
Acetylsalicylic Acid,36,2,19.92966506,83.70379538
Acetylsalicylic Acid,37,2,19.27524913,85.79989635
Acetylsalicylic Acid,38,2,18.7068214,87.95279072
Acetylsalicylic Acid,39,2,18.23895702,89.53156835
Acetylsalicylic Acid,40,2,17.84431989,90.54837152
Acetylsalicylic Acid,25,4,100.8091609,-0.809160936
Acetylsalicylic Acid,26,4,95.2796164,6.931939658
Acetylsalicylic Acid,27,4,78.88601176,23.67918086
Acetylsalicylic Acid,28,4,62.51726928,41.71447366
Acetylsalicylic Acid,29,4,47.04354057,56.94847601
Acetylsalicylic Acid,30,4,34.00165058,69.751191
Acetylsalicylic Acid,31,4,27.95760728,75.08100477
Acetylsalicylic Acid,32,4,24.77422058,77.79097205
Acetylsalicylic Acid,33,4,23.04092976,78.81820904
Acetylsalicylic Acid,34,4,21.70201204,80.15712677
Acetylsalicylic Acid,35,4,20.77303726,81.91030591
Acetylsalicylic Acid,36,4,20.0678109,83.56564954
Acetylsalicylic Acid,37,4,19.498446,85.57669949
Acetylsalicylic Acid,38,4,19.16461063,87.4950015
Acetylsalicylic Acid,39,4,18.77154418,88.99898119
Acetylsalicylic Acid,40,4,18.59944563,89.79324577
Acetylsalicylic Acid,25,6,97.38677853,2.613221467
Acetylsalicylic Acid,26,6,90.26097075,11.95058531
Acetylsalicylic Acid,27,6,61.65950019,40.90569244
Acetylsalicylic Acid,28,6,49.94591802,54.28582492
Acetylsalicylic Acid,29,6,33.38105052,70.61096607
Acetylsalicylic Acid,30,6,25.55641901,78.19642257
Acetylsalicylic Acid,31,6,22.23309891,80.80551314
Acetylsalicylic Acid,32,6,20.51162179,82.05357084
Acetylsalicylic Acid,33,6,19.43121692,82.42792189
Acetylsalicylic Acid,34,6,18.72837083,83.13076798
Acetylsalicylic Acid,35,6,18.07174126,84.61160191
Acetylsalicylic Acid,36,6,17.70108958,85.93237086
Acetylsalicylic Acid,37,6,17.39802698,87.67711851
Acetylsalicylic Acid,38,6,17.0804772,89.57913492
Acetylsalicylic Acid,39,6,16.80737926,90.96314611
Acetylsalicylic Acid,40,6,16.78804018,91.60465122
Acetylsalicylic Acid,25,8,89.33054837,10.66945163
Acetylsalicylic Acid,26,8,73.70551753,28.50603853
Acetylsalicylic Acid,27,8,49.54501908,53.02017354
Acetylsalicylic Acid,28,8,34.31626398,69.91547896
Acetylsalicylic Acid,29,8,24.21029047,79.78172612
Acetylsalicylic Acid,30,8,20.89296131,82.85988027
Acetylsalicylic Acid,31,8,19.18668741,83.85192464
Acetylsalicylic Acid,32,8,18.23895702,84.3262356
Acetylsalicylic Acid,33,8,17.66037821,84.1987606
Acetylsalicylic Acid,34,8,17.13957308,84.71956573
Acetylsalicylic Acid,35,8,16.88495859,85.79838457
Acetylsalicylic Acid,36,8,16.59586907,87.03759137
Acetylsalicylic Acid,37,8,16.46265966,88.61248582
Acetylsalicylic Acid,38,8,16.25548756,90.40412457
Acetylsalicylic Acid,39,8,16.08792378,91.68260159
Acetylsalicylic Acid,40,8,15.97717529,92.41551611
Acetylsalicylic Acid,25,10,76.73614894,23.26385106
Acetylsalicylic Acid,26,10,51.99959965,50.21195641
Acetylsalicylic Acid,27,10,36.64375746,65.92143516
Acetylsalicylic Acid,28,10,23.28091258,80.95083036
Acetylsalicylic Acid,29,10,19.63360277,84.35841381
Acetylsalicylic Acid,30,10,18.23895702,85.51388456
Acetylsalicylic Acid,31,10,17.49846689,85.54014516
Acetylsalicylic Acid,32,10,17.00199954,85.56319309
Acetylsalicylic Acid,33,10,16.88495859,84.97418021
Acetylsalicylic Acid,34,10,16.71090614,85.14823266
Acetylsalicylic Acid,35,10,16.51961798,86.16372518
Acetylsalicylic Acid,36,10,16.50061001,87.13285043
Acetylsalicylic Acid,37,10,16.57677337,88.49837212
Acetylsalicylic Acid,38,10,16.55769963,90.10191249
Acetylsalicylic Acid,39,10,16.65328828,91.11723709
Acetylsalicylic Acid,40,10,16.74942876,91.64326264
D-Mannitol,25,0,100,0
D-Mannitol,26,0,95.57258513,0
D-Mannitol,27,0,90.92151563,0
D-Mannitol,28,0,89.19352611,0
D-Mannitol,29,0,86.29785478,0
D-Mannitol,30,0,83.36811846,0
D-Mannitol,31,0,80.35261222,0
D-Mannitol,32,0,77.44617978,0
D-Mannitol,33,0,74.75954795,0
D-Mannitol,34,0,73.17004689,0
D-Mannitol,35,0,71.9448978,0
D-Mannitol,36,0,71.23061051,0
D-Mannitol,37,0,71.28530301,0
D-Mannitol,38,0,72.44359601,0
D-Mannitol,39,0,73.05781288,0
D-Mannitol,40,0,73.7338085,0
D-Mannitol,25,2,102.6439445,-2.643944538
D-Mannitol,26,2,98.62794856,-3.055363435
D-Mannitol,27,2,95.13346899,-4.211953354
D-Mannitol,28,2,92.75414646,-3.560620353
D-Mannitol,29,2,90.15711376,-3.859258984
D-Mannitol,30,2,87.70008211,-4.331963652
D-Mannitol,31,2,84.98324953,-4.630637314
D-Mannitol,32,2,82.03515443,-4.588974653
D-Mannitol,33,2,79.92205951,-5.162511555
D-Mannitol,34,2,78.64419415,-5.474147261
D-Mannitol,35,2,77.56515535,-5.620257553
D-Mannitol,36,2,77.14953865,-5.918928135
D-Mannitol,37,2,76.55966069,-5.274357678
D-Mannitol,38,2,75.56720048,-3.123604476
D-Mannitol,39,2,75.04699953,-1.989186655
D-Mannitol,40,2,74.93188651,-1.198078008
D-Mannitol,25,4,96.16122784,3.838772162
D-Mannitol,26,4,90.92151563,4.651069495
D-Mannitol,27,4,85.57232528,5.349190357
D-Mannitol,28,4,83.94599865,5.247527457
D-Mannitol,29,4,81.0338861,5.263968672
D-Mannitol,30,4,77.92317984,5.444938619
D-Mannitol,31,4,73.7338085,6.618803719
D-Mannitol,32,4,71.72435752,5.721822264
D-Mannitol,33,4,70.52341485,4.236133101
D-Mannitol,34,4,69.50243176,3.667615129
D-Mannitol,35,4,69.02398038,2.920917416
D-Mannitol,36,4,69.07697858,2.153631929
D-Mannitol,37,4,68.97102285,2.314280166
D-Mannitol,38,4,68.49622967,3.947366342
D-Mannitol,39,4,67.71215981,5.345653072
D-Mannitol,40,4,67.29766563,6.436142871
D-Mannitol,25,6,117.5799668,-17.57996683
D-Mannitol,26,6,114.0249788,-18.45239363
D-Mannitol,27,6,109.5636941,-18.64217846
D-Mannitol,28,6,106.9875724,-17.7940463
D-Mannitol,29,6,105.1961874,-18.89833261
D-Mannitol,30,6,102.8016298,-19.43351135
D-Mannitol,31,6,99.84661209,-19.49399987
D-Mannitol,32,6,97.42415926,-19.97797948
D-Mannitol,33,6,95.57258513,-20.81303718
D-Mannitol,34,6,94.6963704,-21.52632351
D-Mannitol,35,6,93.82818886,-21.88329106
D-Mannitol,36,6,93.18228015,-21.95166964
D-Mannitol,37,6,92.61187281,-21.3265698
D-Mannitol,38,6,92.39887142,-19.95527541
D-Mannitol,39,6,92.82536523,-19.76755235
D-Mannitol,40,6,93.25382765,-19.52001915
D-Mannitol,25,8,119.3988104,-19.39881045
D-Mannitol,26,8,116.3232872,-20.75070212
D-Mannitol,27,8,111.3439609,-20.42244527
D-Mannitol,28,8,107.9775162,-18.78399012
D-Mannitol,29,8,105.1154773,-18.81762253
D-Mannitol,30,8,102.0939484,-18.72582991
D-Mannitol,31,8,98.40111058,-18.04849836
D-Mannitol,32,8,95.35277428,-17.9065945
D-Mannitol,33,8,94.40608763,-19.64653968
D-Mannitol,34,8,94.11669469,-20.9466478
D-Mannitol,35,8,93.61239001,-21.66749221
D-Mannitol,36,8,94.11669469,-22.88608418
D-Mannitol,37,8,93.97233106,-22.68702804
D-Mannitol,38,8,93.97233106,-21.52873505
D-Mannitol,39,8,94.18895965,-21.13114677
D-Mannitol,40,8,94.2612801,-20.5274716
D-Mannitol,25,10,125.6029964,-25.60299637
D-Mannitol,26,10,124.3559778,-28.78339267
D-Mannitol,27,10,125.5066295,-34.58511386
D-Mannitol,28,10,124.7383514,-35.54482531
D-Mannitol,29,10,123.5947433,-37.29688857
D-Mannitol,30,10,122.7439231,-39.37580465
D-Mannitol,31,10,120.9669322,-40.61431994
D-Mannitol,32,10,119.5822351,-42.13605536
D-Mannitol,33,10,118.9414787,-44.18193073
D-Mannitol,34,10,118.5768748,-45.40682793
D-Mannitol,35,10,118.1226913,-46.1777935
D-Mannitol,36,10,117.9415054,-46.71089485
D-Mannitol,37,10,117.3095404,-46.0242374
D-Mannitol,38,10,117.1296018,-44.68600575
D-Mannitol,39,10,116.770552,-43.71273915
D-Mannitol,40,10,116.4126029,-42.67879444
Sodium Valproate,25,0,100,0
Sodium Valproate,26,0,97.94899854,0
Sodium Valproate,27,0,96.01372814,0
Sodium Valproate,28,0,93.97233106,0
Sodium Valproate,29,0,93.18228015,0
Sodium Valproate,30,0,92.82536523,0
Sodium Valproate,31,0,92.18635991,0
Sodium Valproate,32,0,91.62204901,0
Sodium Valproate,33,0,92.04495718,0
Sodium Valproate,34,0,93.18228015,0
Sodium Valproate,35,0,93.9002323,0
Sodium Valproate,36,0,94.47857479,0
Sodium Valproate,37,0,95.20651465,0
Sodium Valproate,38,0,96.08744969,0
Sodium Valproate,39,0,96.67926351,0
Sodium Valproate,40,0,96.82778563,0
Sodium Valproate,25,2,92.25714272,7.742857285
Sodium Valproate,26,2,90.08794217,7.861056373
Sodium Valproate,27,2,88.85188926,7.161838875
Sodium Valproate,28,2,87.76742025,6.204910803
Sodium Valproate,29,2,85.63802968,7.544250475
Sodium Valproate,30,2,82.16117975,10.66418548
Sodium Valproate,31,2,77.26805851,14.9183014
Sodium Valproate,32,2,73.00176045,18.62028856
Sodium Valproate,33,2,70.2532899,21.79166728
Sodium Valproate,34,2,68.18151808,25.00076207
Sodium Valproate,35,2,66.68067692,27.21955538
Sodium Valproate,36,2,65.36320413,29.11537066
Sodium Valproate,37,2,64.51588612,30.69062853
Sodium Valproate,38,2,63.63069498,32.45675471
Sodium Valproate,39,2,62.99895322,33.68031029
Sodium Valproate,40,2,62.56527147,34.26251415
Sodium Valproate,25,4,88.03729025,11.96270975
Sodium Valproate,26,4,86.96276371,10.98623483
Sodium Valproate,27,4,85.63802968,10.37569846
Sodium Valproate,28,4,83.56030182,10.41202923
Sodium Valproate,29,4,80.59968293,12.58259722
Sodium Valproate,30,4,74.58760576,18.23775947
Sodium Valproate,31,4,66.73187588,25.45448403
Sodium Valproate,32,4,60.86019413,30.76185488
Sodium Valproate,33,4,56.97268229,35.07227488
Sodium Valproate,34,4,54.07543229,39.10684786
Sodium Valproate,35,4,51.99959965,41.90063265
Sodium Valproate,36,4,50.38872081,44.08985398
Sodium Valproate,37,4,49.24173349,45.96478116
Sodium Valproate,38,4,48.2688183,47.81863139
Sodium Valproate,39,4,47.53352259,49.14574091
Sodium Valproate,40,4,47.06159766,49.76618796
Sodium Valproate,25,6,87.76742025,12.23257975
Sodium Valproate,26,6,84.9180475,13.03095104
Sodium Valproate,27,6,82.54041853,13.47330961
Sodium Valproate,28,6,80.66156922,13.31076184
Sodium Valproate,29,6,76.79506872,16.38721143
Sodium Valproate,30,6,70.41524046,22.41012477
Sodium Valproate,31,6,60.95368972,31.23267018
Sodium Valproate,32,6,53.82697825,37.79507076
Sodium Valproate,33,6,49.16620263,42.87875455
Sodium Valproate,34,6,45.91980128,47.26247887
Sodium Valproate,35,6,43.58462697,50.31560533
Sodium Valproate,36,6,41.9758984,52.50267639
Sodium Valproate,37,6,40.98893805,54.2175766
Sodium Valproate,38,6,40.39553212,55.69191757
Sodium Valproate,39,6,40.08667176,56.59259174
Sodium Valproate,40,6,39.84128464,56.98650099
Sodium Valproate,25,8,92.54081785,7.459182155
Sodium Valproate,26,8,91.69239853,6.256600013
Sodium Valproate,27,8,91.0611925,4.952535642
Sodium Valproate,28,8,88.51156098,5.460770073
Sodium Valproate,29,8,84.65773926,8.524540894
Sodium Valproate,30,8,78.10281132,14.7225539
Sodium Valproate,31,8,66.62951725,25.55684266
Sodium Valproate,32,8,57.89841391,33.7236351
Sodium Valproate,33,8,52.15948964,39.88546754
Sodium Valproate,34,8,48.19477976,44.98750039
Sodium Valproate,35,8,45.32453251,48.57569979
Sodium Valproate,36,8,43.58462697,50.89394782
Sodium Valproate,37,8,42.59251974,52.61399491
Sodium Valproate,38,8,41.87935651,54.20809317
Sodium Valproate,39,8,41.52726539,55.15199812
Sodium Valproate,40,8,41.27305979,55.55472583
Sodium Valproate,25,10,90.85175757,9.148242435
Sodium Valproate,26,10,89.53647655,8.412521986
Sodium Valproate,27,10,88.03729025,7.976437892
Sodium Valproate,28,10,86.5632061,7.409124954
Sodium Valproate,29,10,82.4138115,10.76846865
Sodium Valproate,30,10,75.39340075,17.43196448
Sodium Valproate,31,10,63.48434844,28.70201147
Sodium Valproate,32,10,54.36674516,37.25530385
Sodium Valproate,33,10,48.56611158,43.47884559
Sodium Valproate,34,10,44.73698034,48.44529981
Sodium Valproate,35,10,42.16965034,51.73058196
Sodium Valproate,36,10,40.58198942,53.89658537
Sodium Valproate,37,10,39.81071706,55.3957976
Sodium Valproate,38,10,39.44573021,56.64171948
Sodium Valproate,39,10,38.93438628,57.74487723
Sodium Valproate,40,10,38.63669771,58.19108792
Isoniazid,25,0,100,0
Isoniazid,26,0,98.1747943,0
Isoniazid,27,0,94.33365608,0
Isoniazid,28,0,92.82536523,0
Isoniazid,29,0,91.13111137,0
Isoniazid,30,0,89.88074565,0
Isoniazid,31,0,89.12509381,0
Isoniazid,32,0,88.24023716,0
Isoniazid,33,0,88.17253626,0
Isoniazid,34,0,88.37579495,0
Isoniazid,35,0,88.64753559,0
Isoniazid,36,0,88.57952219,0
Isoniazid,37,0,87.76742025,0
Isoniazid,38,0,87.23015952,0
Isoniazid,39,0,87.76742025,0
Isoniazid,40,0,86.89604293,0
Isoniazid,25,2,111.9437883,-11.94378835
Isoniazid,26,2,109.8162645,-11.64147019
Isoniazid,27,2,106.4143018,-12.08064574
Isoniazid,28,2,107.1519305,-14.3265653
Isoniazid,29,2,106.1695557,-15.03844435
Isoniazid,30,2,104.7128548,-14.83210915
Isoniazid,31,2,102.6439445,-13.51885072
Isoniazid,32,2,100.0767823,-11.83654514
Isoniazid,33,2,98.55227786,-10.3797416
Isoniazid,34,2,98.25017517,-9.874380219
Isoniazid,35,2,98.25017517,-9.602639578
Isoniazid,36,2,97.79875662,-9.219234422
Isoniazid,37,2,97.34941215,-9.581991892
Isoniazid,38,2,97.34941215,-10.11925263
Isoniazid,39,2,97.49896377,-9.731543518
Isoniazid,40,2,97.57382572,-10.67778279
Isoniazid,25,4,103.5936973,-3.593697263
Isoniazid,26,4,98.09947127,0.075323029
Isoniazid,27,4,94.84184633,-0.508190251
Isoniazid,28,4,94.18895965,-1.363594424
Isoniazid,29,4,93.0393498,-1.908238422
Isoniazid,30,4,90.99132726,-1.110581613
Isoniazid,31,4,89.53647655,-0.411382742
Isoniazid,32,4,86.62967132,1.610565837
Isoniazid,33,4,85.63802968,2.534506584
Isoniazid,34,4,85.50667129,2.869123658
Isoniazid,35,4,86.09937522,2.54816037
Isoniazid,36,4,86.96276371,1.616758486
Isoniazid,37,4,87.70008211,0.067338139
Isoniazid,38,4,88.98838669,-1.758227175
Isoniazid,39,4,89.74287945,-1.975459196
Isoniazid,40,4,90.64280432,-3.746761393
Isoniazid,25,6,119.3988104,-19.39881045
Isoniazid,26,6,114.8153621,-16.64056785
Isoniazid,27,6,111.0026465,-16.66899044
Isoniazid,28,6,109.7320097,-16.9066445
Isoniazid,29,6,108.2264301,-17.09531874
Isoniazid,30,6,106.0067045,-16.1259588
Isoniazid,31,6,105.3577935,-16.23269969
Isoniazid,32,6,104.8737184,-16.63348125
Isoniazid,33,6,104.8737184,-16.70118215
Isoniazid,34,6,105.844103,-17.46830804
Isoniazid,35,6,106.8234664,-18.17593082
Isoniazid,36,6,107.3989412,-18.81941904
Isoniazid,37,6,108.3926914,-20.62527115
Isoniazid,38,6,109.7320097,-22.50185021
Isoniazid,39,6,111.1731727,-23.40575247
Isoniazid,40,6,112.2879966,-25.39195366
Isoniazid,25,8,120.6887159,-20.68871594
Isoniazid,26,8,116.5914401,-18.41664582
Isoniazid,27,8,115.8777356,-21.54407954
Isoniazid,28,8,113.9374949,-21.1121297
Isoniazid,29,8,113.9374949,-22.80638355
Isoniazid,30,8,112.8929097,-23.01216405
Isoniazid,31,8,111.8579013,-22.73280747
Isoniazid,32,8,110.7473475,-22.50711036
Isoniazid,33,8,110.4926357,-22.32009943
Isoniazid,34,8,110.407862,-22.03206704
Isoniazid,35,8,110.6623784,-22.01484281
Isoniazid,36,8,111.0878769,-22.50835471
Isoniazid,37,8,111.5150115,-23.7475912
Isoniazid,38,8,111.9437883,-24.71362883
Isoniazid,39,8,112.2018454,-24.43442518
Isoniazid,40,8,112.6332632,-25.73722028
Isoniazid,25,10,128.9238699,-28.92386993
Isoniazid,26,10,129.0228606,-30.84806634
Isoniazid,27,10,128.2330583,-33.89940219
Isoniazid,28,10,127.0574105,-34.23204529
Isoniazid,29,10,125.6029964,-34.471885
Isoniazid,30,10,123.5947433,-33.71399769
Isoniazid,31,10,120.6887159,-31.56362213
Isoniazid,32,10,119.1242008,-30.88396364
Isoniazid,33,10,117.8510166,-29.67848039
Isoniazid,34,10,117.2195366,-28.84374161
Isoniazid,35,10,117.1296018,-28.48206617
Isoniazid,36,10,116.6809617,-28.10143951
Isoniazid,37,10,116.8602111,-29.09279089
Isoniazid,38,10,116.9499391,-29.71977959
Isoniazid,39,10,116.770552,-29.00313178
Isoniazid,40,10,116.5019872,-29.60594429
